{
    "welcomeFile": "/index.html",
    "authenticationMethod": "route",
    "routes": [
      {
        "source": "^/app/(.*)$",
        "target": "$1",
        "localDir": ".",
        "authenticationType": "xsuaa",
        "cacheControl": "no-cache, no-store, must-revalidate"
      },
      {
        "source": "^/app/(.*)$",
        "target": "$1",
        "localDir": ".",
        "authenticationType": "xsuaa",
        "cacheControl": "no-cache, no-store, must-revalidate"
      },
      {
        "source": "^/odata/(.*)$",
        "target": "/odata/$1",
        "destination": "srv-api",
        "authenticationType": "xsuaa",
        "csrfProtection": true
      },
      {
        "source": "^/resources/(.*)$",
        "target": "/resources/$1",
        "authenticationType": "none",
        "destination": "ui5"
      },
      {
        "source": "^/test-resources/(.*)$",
        "target": "/test-resources/$1",
        "authenticationType": "none",
        "destination": "ui5"
      },
      {
        "source": "^(.*)$",
        "target": "$1",
        "service": "html5-apps-repo-rt",
        "authenticationType": "xsuaa"
      }
    ]
  }